A;1;M;0.287;H;
A;2;D;0.363;P
A;3;V;0.443;H
A;4;F;0.982;H
A;5;M;0.711;H
A;6;K;0.579;P
A;7;G;0.427;N
A;8;L;0.359;H
A;9;S;0.278;N
A;10;K;0.416;P
A;11;A;0.461;H
A;12;K;0.767;P
A;13;E;0.626;P
A;14;G;0.441;N
A;15;V;0.734;H
A;16;V;1.0;H
A;17;A;0.455;H
A;18;A;0.479;H
A;19;A;0.287;H;
A;20;E;0.375;P
A;21;K;0.3;P
A;22;T;0.305;N
A;23;K;0.118;P
A;24;Q;0.137;N
A;25;G;0.52;N
A;26;V;1.0;H
A;27;A;0.349;H
A;28;E;0.135;P
A;29;A;0.354;H
A;30;A;0.492;H
A;31;G;0.409;N
A;32;K;0.275;P
A;33;T;0.104;N
A;34;K;0.114;P
A;35;E;0.694;P
A;36;G;0.791;N
A;37;V;0.238;H
A;38;L;0.322;H
A;39;Y;0.882;H
A;40;V;0.516;H
A;41;G;0.426;N
A;42;S;0.49;N
A;43;K;0.575;P
A;44;T;0.665;N
A;45;K;0.471;P
A;46;E;0.168;P
A;47;G;0.188;N
A;48;V;0.898;H
A;49;V;0.994;H
A;50;H;0.451;N
A;51;G;0.724;N
A;52;V;0.922;H
A;53;A;0.303;H
A;54;T;0.973;N
A;55;V;0.947;H
A;56;A;0.912;H
A;57;E;0.597;P
A;58;K;0.126;P
A;59;T;0.308;N
A;60;K;0.3035;P;
A;61;E;0.399;P
A;62;Q;0.355;N
A;63;V;0.969;H
A;64;T;0.527;N
A;65;N;0.357;P
A;66;V;0.5;H;
A;67;G;0.228;N
A;68;G;0.528;N
A;69;A;0.921;H
A;70;V;0.905;H
A;71;V;1.0;H
A;72;T;0.894;N
A;73;G;0.809;N
A;74;V;1.0;H
A;75;T;0.792;N
A;76;A;0.774;H
A;77;V;0.776;H
A;78;A;0.778;H
A;79;Q;0.334;N
A;80;K;0.584;P
A;81;T;0.922;N
A;82;V;1.0;H
A;83;E;0.38;P
A;84;G;0.191;N
A;85;A;0.427;H
A;86;G;0.556;N
A;87;S;0.504;N
A;88;I;0.987;H
A;89;A;0.932;H
A;90;A;0.883;H
A;91;A;0.871;H
A;92;T;0.553;N
A;93;G;0.547;N
A;94;F;1.0;H
A;95;V;1.0;H
A;96;K;0.266;P
A;97;K;0.362;P
A;98;D;0.189;P
A;99;Q;0.346;N
A;100;L;0.137;H
A;101;G;0.201;N
A;102;K;0.382;P
A;103;N;0.29;P
A;104;E;-0.027;P
A;105;E;0.051;P
A;106;G;0.063;N
A;107;A;0.04;H
A;108;P;0.166;P
A;109;Q;0.347;N
A;110;E;0.266;P
A;111;G;0.298;N
A;112;I;0.364;H
A;113;L;0.317;H;
A;114;E;0.261;P
A;115;D;0.241;P
A;116;M;0.327;H
A;117;P;0.742;P
A;118;V;1.0;H
A;119;D;0.221;P
A;120;P;-0.025;P
A;121;D;0.48;P
A;122;N;0.415;P
A;123;E;0.278;P
A;124;A;0.37;H
A;125;Y;0.013;H
A;126;E;0.112;P
A;127;M;0.127;H
A;128;P;0.045;P
A;129;S;0.2625;N;
A;130;E;0.2;P
A;131;E;0.142;P
A;132;G;0.227;N
A;133;Y;0.49;H
A;134;Q;0.244;N
A;135;D;0.15;P
A;136;Y;0.051;H
A;137;E;0.042;P
A;138;P;0.066;P
A;139;E;0.018;P
A;140;A;0.134;H
