C;1;D;0.375;P
C;2;A;0.359;H;
C;3;E;0.145;P
C;4;F;0.3875;H;
C;5;R;0.153;P
C;6;H;0.219;N
C;7;D;0.337;P
C;8;S;0.403;N
C;9;G;0.06;N
C;10;Y;0.228;H
C;11;E;0.161;P
C;12;V;0.411;H;
C;13;H;0.313;N
C;14;H;0.251;N
C;15;Q;0.158;N
C;16;K;0.323;P
C;17;L;0.395;H
C;18;V;0.27;H
C;19;F;0.354;H
C;20;F;0.416;H;
C;21;A;0.332;H
C;22;E;0.882;P
C;23;D;0.564;P
C;24;V;1.0;H
C;25;G;0.425;N
C;26;S;0.317;N
C;27;N;0.214;P
C;28;K;0.472;P
C;29;G;0.5;N;
C;30;A;0.276;H
C;31;I;0.552;H
C;32;I;0.765;H
C;33;G;0.526;N
C;34;L;0.478;H
C;35;M;0.689;H
C;36;V;0.838;H
C;37;G;0.454;N
C;38;G;0.807;N
C;39;V;1.0;H
C;40;V;1.0;H
C;41;I;0.71;H
C;42;A;0.624;H
