A;1;D;0.518;P
A;2;A;0.846;H
A;3;E;0.313;P
A;4;F;0.324;H;
A;5;R;0.103;P
A;6;H;0.497;N
A;7;D;0.223;P
A;8;S;0.3755;N;
A;9;G;0.371;N
A;10;Y;0.279;H
A;11;E;0.124;P
A;12;V;0.3785;H;
A;13;H;0.229;N
A;14;H;0.335;N
A;15;Q;0.182;N
A;16;K;0.491;P
A;17;L;0.36;H
A;18;V;0.988;H
A;19;F;0.824;H
A;20;F;0.573;H
A;21;A;0.511;H
A;22;E;0.435;P
A;23;D;0.337;P
A;24;V;0.994;H
A;25;G;0.765;N
A;26;S;0.46;N
A;27;N;0.506;P
A;28;K;0.631;P
A;29;G;0.584;N
A;30;A;0.977;H
A;31;I;0.586;H
A;32;I;1.0;H
A;33;G;0.815;N
A;34;L;0.377;H
A;35;M;0.783;H
A;36;V;0.83;H
A;37;G;0.261;N
A;38;G;0.62;N
A;39;V;1.0;H
A;40;V;1.0;H
A;41;I;0.832;H
A;42;A;0.418;H
