D;1;D;0.386;P
D;2;A;0.058;H
D;3;E;0.174;P
D;4;F;0.3735;H;
D;5;R;0.289;P
D;6;H;0.446;N
D;7;D;0.207;P
D;8;S;0.422;N;
D;9;G;0.141;N
D;10;Y;0.401;H
D;11;E;0.038;P
D;12;V;0.374;H;
D;13;H;0.337;N
D;14;H;0.18;N
D;15;Q;0.747;N
D;16;K;0.742;P
D;17;L;0.388;H
D;18;V;0.836;H
D;19;F;0.881;H
D;20;F;0.564;H
D;21;A;0.51;H
D;22;E;0.435;P
D;23;D;0.337;P
D;24;V;0.976;H
D;25;G;0.765;N
D;26;S;0.46;N
D;27;N;0.506;P
D;28;K;0.731;P
D;29;G;0.598;N
D;30;A;0.612;H
D;31;I;0.509;H
D;32;I;0.835;H
D;33;G;0.679;N
D;34;L;0.197;H
D;35;M;0.429;H
D;36;V;0.429;H
D;37;G;0.739;N
D;38;G;0.532;N
D;39;V;1.0;H
D;40;V;1.0;H
D;41;I;0.797;H
D;42;A;0.842;H
