E;1;D;0.46;P
E;2;A;0.2705;H;
E;3;E;0.421;P
E;4;F;0.2525;H;
E;5;R;0.119;P
E;6;H;0.2705;N;
E;7;D;0.421;P
E;8;S;0.326;N
E;9;G;0.405;N
E;10;Y;0.335;H
E;11;E;0.137;P
E;12;V;0.368;H
E;13;H;0.592;N
E;14;H;0.619;N
E;15;Q;0.338;N
E;16;K;0.615;P
E;17;L;0.595;H
E;18;V;1.0;H
E;19;F;0.422;H
E;20;F;0.341;H;
E;21;A;0.274;H
E;22;E;0.994;P
E;23;D;0.571;P
E;24;V;1.0;H
E;25;G;0.715;N
E;26;S;0.583;N
E;27;N;0.256;P
E;28;K;0.3655;P;
E;29;G;0.465;N
E;30;A;0.385;H
E;31;I;0.484;H;
E;32;I;0.484;H
E;33;G;0.314;N
E;34;L;0.201;H
E;35;M;0.311;H
E;36;V;0.456;H
E;37;G;0.581;N
E;38;G;0.634;N
E;39;V;0.789;H
E;40;V;1.0;H
E;41;I;0.927;H
E;42;A;0.873;H
