F;1;D;0.392;P
F;2;A;0.35;H
F;3;E;0.454;P
F;4;F;0.31;H;
F;5;R;0.001;P
F;6;H;0.412;N
F;7;D;0.374;P
F;8;S;0.329;N
F;9;G;0.291;N
F;10;Y;0.105;H
F;11;E;0.172;P
F;12;V;0.379;H
F;13;H;0.221;N
F;14;H;0.37;N
F;15;Q;0.337;N
F;16;K;0.2525;P;
F;17;L;0.423;H
F;18;V;0.27;H
F;19;F;0.354;H
F;20;F;0.373;H;
F;21;A;0.349;H
F;22;E;0.876;P
F;23;D;0.563;P
F;24;V;1.0;H
F;25;G;0.425;N
F;26;S;0.317;N
F;27;N;0.214;P
F;28;K;0.593;P
F;29;G;0.68;N
F;30;A;0.276;H
F;31;I;0.583;H
F;32;I;0.846;H
F;33;G;0.627;N
F;34;L;0.203;H
F;35;M;0.362;H
F;36;V;0.878;H
F;37;G;0.563;N
F;38;G;0.828;N
F;39;V;1.0;H
F;40;V;1.0;H
F;41;I;0.877;H
F;42;A;0.781;H
