B;1;D;0.258;P;
B;2;A;0.36;H
B;3;E;0.297;P;
B;4;F;0.428;H
B;5;R;-0.033;P
B;6;H;0.262;N;
B;7;D;0.316;P
B;8;S;0.293;N
B;9;G;0.123;N
B;10;Y;0.149;H
B;11;E;0.172;P
B;12;V;0.686;H
B;13;H;0.735;N
B;14;H;0.613;N
B;15;Q;0.462;N
B;16;K;0.74;P
B;17;L;0.578;H
B;18;V;1.0;H
B;19;F;0.422;H
B;20;F;0.341;H;
B;21;A;0.274;H
B;22;E;0.994;P
B;23;D;0.596;P
B;24;V;1.0;H
B;25;G;0.715;N
B;26;S;0.583;N
B;27;N;0.256;P
B;28;K;0.4095;P;
B;29;G;0.395;N
B;30;A;0.385;H
B;31;I;0.288;H;
B;32;I;0.366;H
B;33;G;0.591;N
B;34;L;0.535;H
B;35;M;0.572;H
B;36;V;0.839;H
B;37;G;0.369;N
B;38;G;0.791;N
B;39;V;0.801;H
B;40;V;0.52;H
B;41;I;1.0;H
B;42;A;0.338;H
